{"train_loss": [0.9393045138001442, 0.5222923478007316], "test_loss": [0.5084484224319458, 0.4500757004506886], "train_acc": [0.7093, 0.8203], "test_acc": [0.8175, 0.83825]}