{"train_loss": [1.3012192233920097, 0.6353768795967102], "test_loss": [0.7902205367684364, 0.5641276182532311], "train_acc": [0.6023000000000001, 0.7846500000000001], "test_acc": [0.74475, 0.809]}