{"train_loss": [0.9153972753763199, 0.4905102902173996], "test_loss": [0.6650984597206115, 0.514227232336998], "train_acc": [0.71485, 0.82965], "test_acc": [0.767, 0.82325]}