{"train_loss": [3.951279797172546, 3.8502391119003296], "test_loss": [3.8506569681167604, 3.8507591705322266], "train_acc": [0.02045, 0.020800000000000003], "test_acc": [0.0205, 0.022]}